DATE and TIME (UTC),LAT,LON,MAG,DEPTHkm,LOCATION (Shows interactive map),IRIS ID (Other info)
29-MAR-2020 13:33:47,-24.00,-174.56,5.0,10,SOUTH OF TONGA ISLANDS,11204510
29-MAR-2020 06:11:55,64.61,-138.78,4.1,10,"SOUTHERN YUKON TERRITORY, CANADA",11204440
29-MAR-2020 04:41:09,41.19,72.89,4.5,10,KYRGYZSTAN,11204417
29-MAR-2020 04:34:25,37.22,20.58,4.5,10,IONIAN SEA,11204415
29-MAR-2020 04:06:07,-58.63,-25.24,4.9,35,SOUTH SANDWICH ISLANDS REGION,11204404
29-MAR-2020 03:39:47,24.20,124.18,4.7,10,"SOUTHWESTERN RYUKYU ISL., JAPAN",11204398
29-MAR-2020 03:38:58,24.09,124.13,4.6,10,"SOUTHWESTERN RYUKYU ISL., JAPAN",11204401
29-MAR-2020 03:00:57,13.21,-89.09,4.2,73,EL SALVADOR,11204388
29-MAR-2020 02:46:01,-5.17,144.19,5.2,98,"NEW GUINEA, PAPUA NEW GUINEA",11204383
28-MAR-2020 23:10:38,-7.14,124.06,5.3,597,BANDA SEA,11204303
28-MAR-2020 23:01:11,-24.26,-67.11,4.4,182,CHILE-ARGENTINA BORDER REGION,11204304
28-MAR-2020 20:30:52,2.29,-95.51,4.5,10,GALAPAGOS ISLANDS REGION,11204278
28-MAR-2020 17:48:18,-17.84,168.22,5.9,99,VANUATU ISLANDS,11204241
28-MAR-2020 16:42:02,-35.70,-73.73,4.8,11,OFF COAST OF CENTRAL CHILE,11204224
28-MAR-2020 15:43:17,-1.77,120.19,5.8,10,"SULAWESI, INDONESIA",11204207
28-MAR-2020 15:11:39,-21.07,-173.87,4.7,10,TONGA ISLANDS,11204225
28-MAR-2020 10:25:13,-37.57,-74.13,4.2,20,OFF COAST OF CENTRAL CHILE,11204454
28-MAR-2020 09:45:01,-11.09,115.19,4.5,26,"SOUTH OF BALI, INDONESIA",11204132
28-MAR-2020 07:38:53,36.75,71.34,4.4,177,AFGHANISTAN-TAJIKISTAN BORD REG.,11204099
28-MAR-2020 05:55:10,6.79,-73.06,4.9,163,NORTHERN COLOMBIA,11204077
28-MAR-2020 05:32:52,-1.28,150.20,5.0,10,"NEW IRELAND REGION, P.N.G.",11204069
28-MAR-2020 04:27:59,-6.63,146.92,4.3,87,"EASTERN NEW GUINEA REG., P.N.G.",11204058
28-MAR-2020 03:18:37,-32.42,-72.05,4.5,10,OFF COAST OF CENTRAL CHILE,11204041
28-MAR-2020 01:36:51,37.57,72.42,4.3,194,TAJIKISTAN,11204008
28-MAR-2020 00:57:52,41.93,142.42,4.9,58,"HOKKAIDO, JAPAN REGION",11203999
27-MAR-2020 23:41:13,72.10,127.39,4.3,10,"NORTHCENTRAL SIBERIA, RUSSIA",11203987
27-MAR-2020 21:53:56,-11.00,115.26,4.5,10,"SOUTH OF BALI, INDONESIA",11203928
27-MAR-2020 17:42:49,-28.82,-63.16,5.2,591,"SANTIAGO DEL ESTERO PROV., ARG.",11203810
27-MAR-2020 14:32:47,0.21,133.61,5.6,10,"IRIAN JAYA REGION, INDONESIA",11203701
27-MAR-2020 10:43:43,31.83,48.69,4.5,10,WESTERN IRAN,11203651
27-MAR-2020 09:36:54,14.19,-91.14,4.3,74,GUATEMALA,11203631
27-MAR-2020 06:40:42,28.25,57.12,5.3,10,SOUTHERN IRAN,11203603
27-MAR-2020 06:27:19,-2.85,139.44,4.5,108,NEAR NORTH COAST OF IRIAN JAYA,11203601
27-MAR-2020 05:27:43,27.66,140.02,4.1,485,"BONIN ISLANDS, JAPAN REGION",11203583
27-MAR-2020 02:49:04,-3.05,139.05,4.5,35,"IRIAN JAYA, INDONESIA",11203540
27-MAR-2020 02:25:31,18.93,145.43,4.4,229,MARIANA ISLANDS,11203536
27-MAR-2020 01:10:00,-35.32,-74.15,4.6,10,OFF COAST OF CENTRAL CHILE,11203507
26-MAR-2020 23:45:58,14.72,-93.24,4.7,35,"NEAR COAST OF CHIAPAS, MEXICO",11203467
26-MAR-2020 23:28:57,49.12,157.86,4.4,10,EAST OF KURIL ISLANDS,11203452
26-MAR-2020 21:58:59,-4.10,120.04,4.3,31,"SULAWESI, INDONESIA",11203419
26-MAR-2020 21:36:42,-2.95,139.11,5.7,38,NEAR NORTH COAST OF IRIAN JAYA,11203378
26-MAR-2020 20:34:17,-35.52,-94.27,4.7,10,WEST CHILE RISE,11203361
26-MAR-2020 20:24:53,-56.60,-26.88,5.3,68,SOUTH SANDWICH ISLANDS REGION,11203277
26-MAR-2020 15:38:04,5.58,125.05,6.1,59,"MINDANAO, PHILIPPINES",11203121
26-MAR-2020 15:16:27,31.71,-104.04,5.0,7,WESTERN TEXAS,11203109
26-MAR-2020 08:03:42,38.78,70.92,4.4,10,AFGHANISTAN-TAJIKISTAN BORD REG.,11203004
26-MAR-2020 07:38:30,37.32,20.41,4.6,10,IONIAN SEA,11202998
26-MAR-2020 07:16:59,49.72,154.35,4.7,147,KURIL ISLANDS,11202996
26-MAR-2020 07:12:45,5.37,127.51,4.8,46,PHILIPPINE ISLANDS REGION,11202994
26-MAR-2020 07:09:26,35.94,5.80,5.0,10,NORTHERN ALGERIA,11202993
26-MAR-2020 06:49:22,-3.05,139.00,4.8,73,"IRIAN JAYA, INDONESIA",11202985
26-MAR-2020 05:58:34,-19.93,-11.79,5.1,10,SOUTHERN MID-ATLANTIC RIDGE,11202973
26-MAR-2020 05:52:48,22.71,143.21,5.4,105,"VOLCANO ISLANDS, JAPAN REGION",11202971
26-MAR-2020 05:39:21,38.45,44.40,4.4,10,TURKEY-IRAN BORDER REGION,11202978
26-MAR-2020 05:22:07,48.85,157.84,4.6,10,EAST OF KURIL ISLANDS,11202966
26-MAR-2020 04:44:31,40.77,70.51,5.0,10,TAJIKISTAN,11202952
26-MAR-2020 04:26:37,-8.91,-108.64,4.6,10,CENTRAL EAST PACIFIC RISE,11202957
26-MAR-2020 02:58:49,49.91,159.03,4.4,35,EAST OF KURIL ISLANDS,11202920
25-MAR-2020 23:15:19,2.30,-101.23,4.6,10,GALAPAGOS TRIPLE JUNCTION REGION,11202842
25-MAR-2020 22:18:20,38.55,142.36,4.2,42,"NEAR EAST COAST OF HONSHU, JAPAN",11202812
25-MAR-2020 22:12:04,-5.88,130.06,4.5,187,BANDA SEA,11202802
25-MAR-2020 19:56:07,55.89,160.23,5.0,188,"KAMCHATKA PENINSULA, RUSSIA",11202747
25-MAR-2020 19:37:31,18.74,-81.39,4.0,10,NORTH OF HONDURAS,11202806
25-MAR-2020 17:21:45,49.24,158.13,5.1,35,EAST OF KURIL ISLANDS,11202637
25-MAR-2020 16:42:52,-4.92,130.62,4.3,10,BANDA SEA,11202797
25-MAR-2020 11:57:38,38.79,-122.77,4.06,2,NORTHERN CALIFORNIA,11202444
25-MAR-2020 10:54:36,-4.60,139.06,4.5,49,"IRIAN JAYA, INDONESIA",11202439
25-MAR-2020 09:49:45,39.30,20.55,4.3,10,GREECE-ALBANIA BORDER REGION,11202427
25-MAR-2020 08:48:18,-5.78,148.19,4.8,145,"NEW BRITAIN REGION, P.N.G.",11202414
25-MAR-2020 08:01:17,49.23,158.01,4.5,10,EAST OF KURIL ISLANDS,11202406
25-MAR-2020 06:52:38,-35.75,-73.51,5.1,10,OFF COAST OF CENTRAL CHILE,11202394
25-MAR-2020 05:53:21,-35.73,-73.51,4.6,22,OFF COAST OF CENTRAL CHILE,11202386
25-MAR-2020 05:51:22,-41.87,174.17,4.8,21,"COOK STRAIT, NEW ZEALAND",11202383
25-MAR-2020 02:58:37,40.32,-122.43,5.45,65,NORTHERN CALIFORNIA,11202715
25-MAR-2020 02:49:21,48.99,157.69,7.5,57,EAST OF KURIL ISLANDS,11202357
25-MAR-2020 02:36:10,13.22,-87.66,4.4,202,HONDURAS,11202356
25-MAR-2020 02:20:06,2.87,128.11,4.7,127,"HALMAHERA, INDONESIA",11202353
25-MAR-2020 01:43:35,2.78,128.20,4.7,134,"HALMAHERA, INDONESIA",11202349
24-MAR-2020 21:13:03,-23.33,-67.14,4.2,229,CHILE-ARGENTINA BORDER REGION,11202267
24-MAR-2020 19:30:57,-6.08,147.73,4.9,35,"EASTERN NEW GUINEA REG., P.N.G.",11202121
24-MAR-2020 19:04:10,30.50,140.24,4.8,35,"SOUTHEAST OF HONSHU, JAPAN",11202119
24-MAR-2020 17:01:31,69.56,-144.24,4.0,6,NORTHERN ALASKA,11203679
24-MAR-2020 16:54:48,2.50,-95.22,4.9,10,GALAPAGOS ISLANDS REGION,11202022
24-MAR-2020 15:35:53,-21.26,-68.15,4.6,142,CHILE-BOLIVIA BORDER REGION,11202555
24-MAR-2020 15:00:31,7.97,92.52,4.5,10,"NICOBAR ISLANDS, INDIA REGION",11201949
24-MAR-2020 14:39:43,38.10,94.67,4.8,10,"QINGHAI, CHINA",11201965
24-MAR-2020 13:31:02,-28.82,-69.11,4.2,151,CHILE-ARGENTINA BORDER REGION,11202755
24-MAR-2020 10:35:57,-7.86,123.00,4.3,232,BANDA SEA,11202092
24-MAR-2020 09:42:18,69.55,-144.19,4.0,3,NORTHERN ALASKA,11201864
24-MAR-2020 07:38:37,-23.54,-174.70,4.9,10,TONGA ISLANDS REGION,11202081
24-MAR-2020 07:11:13,51.16,-175.12,4.1,10,"ANDREANOF ISLANDS, ALEUTIAN IS.",11201842
24-MAR-2020 06:52:15,-30.57,-71.93,5.0,10,NEAR COAST OF CENTRAL CHILE,11201836
24-MAR-2020 06:38:33,-20.68,-178.21,4.4,445,FIJI ISLANDS REGION,11201838
24-MAR-2020 02:56:51,-10.70,162.05,4.6,82,SOLOMON ISLANDS,11201791
24-MAR-2020 00:53:08,56.02,-149.21,4.1,10,GULF OF ALASKA,11201752
23-MAR-2020 23:34:46,-19.28,-172.75,4.4,35,TONGA ISLANDS REGION,11204294
23-MAR-2020 22:47:43,46.30,93.87,4.2,10,MONGOLIA,11202325
23-MAR-2020 22:16:44,-18.82,-70.06,4.9,76,NEAR COAST OF NORTHERN CHILE,11201700
23-MAR-2020 20:56:47,15.83,119.30,4.6,7,"LUZON, PHILIPPINES",11201629
23-MAR-2020 20:33:38,-25.28,179.70,5.3,498,SOUTH OF FIJI ISLANDS,11201603
23-MAR-2020 20:23:21,15.82,119.02,4.8,10,"LUZON, PHILIPPINES",11201620
23-MAR-2020 17:46:12,-44.47,-79.08,5.1,10,OFF COAST OF SOUTHERN CHILE,11201492
23-MAR-2020 17:43:29,-2.05,140.61,4.6,10,NEAR NORTH COAST OF IRIAN JAYA,11201516
23-MAR-2020 17:28:14,-2.11,140.73,4.6,10,NEAR NORTH COAST OF IRIAN JAYA,11201503
23-MAR-2020 17:25:50,-2.19,140.62,4.6,10,NEAR NORTH COAST OF IRIAN JAYA,11201473
23-MAR-2020 16:52:38,18.94,-80.87,4.3,9,NORTH OF HONDURAS,11201451
23-MAR-2020 16:33:16,-24.28,-67.31,4.7,155,CHILE-ARGENTINA BORDER REGION,11201425
23-MAR-2020 16:24:30,-6.19,147.47,4.7,47,"EASTERN NEW GUINEA REG., P.N.G.",11201434
23-MAR-2020 13:57:28,26.52,128.76,4.9,17,"RYUKYU ISLANDS, JAPAN",11201354
23-MAR-2020 12:25:55,51.93,-177.75,4.9,98,"ANDREANOF ISLANDS, ALEUTIAN IS.",11201311
23-MAR-2020 12:13:06,-13.70,-112.39,4.6,10,CENTRAL EAST PACIFIC RISE,11201326
23-MAR-2020 11:55:26,-5.69,146.56,4.4,68,"EASTERN NEW GUINEA REG., P.N.G.",11201308
23-MAR-2020 11:04:34,-6.21,130.72,4.7,109,BANDA SEA,11201293
23-MAR-2020 06:37:13,-14.94,167.48,4.8,107,VANUATU ISLANDS,11201242
23-MAR-2020 05:53:57,35.96,-117.36,4.33,1,CENTRAL CALIFORNIA,11201223
23-MAR-2020 04:57:37,51.20,157.24,4.3,97,NEAR EAST COAST OF KAMCHATKA,11201218
23-MAR-2020 01:38:12,22.86,144.11,4.7,10,"VOLCANO ISLANDS, JAPAN REGION",11201160
23-MAR-2020 01:30:39,22.88,144.23,5.0,10,"VOLCANO ISLANDS, JAPAN REGION",11201158
23-MAR-2020 00:08:29,36.52,70.87,4.1,213,"HINDU KUSH REGION, AFGHANISTAN",11201175
22-MAR-2020 22:38:04,-4.68,-104.95,6.1,10,CENTRAL EAST PACIFIC RISE,11201105
22-MAR-2020 22:34:15,-16.83,-175.39,5.0,323,TONGA ISLANDS,11201104
22-MAR-2020 20:43:07,-0.70,-21.04,5.6,10,CENTRAL MID-ATLANTIC RIDGE,11201085
22-MAR-2020 19:21:41,41.71,81.16,4.9,10,"SOUTHERN XINJIANG, CHINA",11201066
22-MAR-2020 18:35:31,18.94,-80.81,4.6,10,NORTH OF HONDURAS,11201040
22-MAR-2020 16:27:38,40.43,-124.83,4.78,12,NEAR COAST OF NORTHERN CALIF.,11201011
22-MAR-2020 15:32:25,-16.13,-173.68,4.9,35,TONGA ISLANDS,11201009
22-MAR-2020 13:31:52,5.15,125.21,4.6,41,"MINDANAO, PHILIPPINES",11200976
22-MAR-2020 13:18:35,-21.97,-177.90,4.3,370,FIJI ISLANDS REGION,11203256
22-MAR-2020 11:22:02,15.51,-87.80,4.0,10,HONDURAS,11201146
22-MAR-2020 06:48:43,-10.99,115.20,5.0,10,"SOUTH OF BALI, INDONESIA",11200912
22-MAR-2020 06:01:20,45.90,15.95,4.6,10,NORTHWESTERN BALKAN REGION,11200899
22-MAR-2020 05:51:48,-3.08,135.63,5.1,36,"IRIAN JAYA REGION, INDONESIA",11200896
22-MAR-2020 05:24:03,45.90,15.97,5.4,10,NORTHWESTERN BALKAN REGION,11200893
22-MAR-2020 03:34:53,1.38,121.92,5.1,10,"MINAHASSA PENINSULA, SULAWESI",11200879
21-MAR-2020 22:45:53,-11.23,115.15,4.4,10,"SOUTH OF BALI, INDONESIA",11200760
21-MAR-2020 22:20:10,-42.88,-74.33,4.4,23,SOUTHERN CHILE,11200738
21-MAR-2020 21:19:37,-5.31,141.36,5.0,33,"NEW GUINEA, PAPUA NEW GUINEA",11200729
21-MAR-2020 18:58:34,35.60,25.82,4.1,42,"CRETE, GREECE",11201954
21-MAR-2020 18:50:02,16.13,-98.84,4.0,10,"NEAR COAST OF GUERRERO, MEXICO",11200735
21-MAR-2020 18:29:37,-13.26,175.50,4.9,10,FIJI ISLANDS REGION,11200708
21-MAR-2020 15:40:55,-6.55,104.34,4.4,71,"SUNDA STRAIT, INDONESIA",11200613
21-MAR-2020 12:33:11,9.13,126.83,4.7,46,"MINDANAO, PHILIPPINES",11200566
21-MAR-2020 11:40:28,11.12,138.76,5.0,49,"W. CAROLINE ISLANDS, MICRONESIA",11200556
21-MAR-2020 09:34:28,-29.17,-69.04,4.1,16,CHILE-ARGENTINA BORDER REGION,11200529
21-MAR-2020 06:42:34,-12.34,44.90,5.0,10,NORTHWEST OF MADAGASCAR,11200492
21-MAR-2020 03:52:46,1.67,127.24,4.5,116,"HALMAHERA, INDONESIA",11200453
21-MAR-2020 03:37:55,41.66,141.99,4.3,80,"HOKKAIDO, JAPAN REGION",11200458
21-MAR-2020 03:12:13,39.33,20.49,4.3,10,GREECE-ALBANIA BORDER REGION,11200413
21-MAR-2020 02:23:08,37.08,71.45,4.3,111,AFGHANISTAN-TAJIKISTAN BORD REG.,11200380
21-MAR-2020 01:33:35,39.11,-119.74,4.5,8,NEVADA,11200350
21-MAR-2020 00:49:51,39.37,20.63,5.7,10,GREECE-ALBANIA BORDER REGION,11200342
21-MAR-2020 00:22:57,22.78,123.99,4.6,10,SOUTHEAST OF TAIWAN,11200349
21-MAR-2020 00:03:49,-6.38,130.99,4.3,35,BANDA SEA,11200333
20-MAR-2020 22:26:00,-11.02,115.25,4.4,10,"SOUTH OF BALI, INDONESIA",11203523
20-MAR-2020 21:38:30,39.25,20.46,4.6,10,GREECE-ALBANIA BORDER REGION,11200201
20-MAR-2020 21:01:11,-11.49,166.25,4.3,35,SANTA CRUZ ISLANDS,11203521
20-MAR-2020 18:39:36,-4.29,151.95,4.5,11,"NEW BRITAIN REGION, P.N.G.",11200181
20-MAR-2020 16:09:27,-23.63,-179.78,4.6,519,SOUTH OF FIJI ISLANDS,11200052
20-MAR-2020 13:44:21,-8.21,150.40,4.7,10,"EASTERN NEW GUINEA REG., P.N.G.",11200483
20-MAR-2020 09:54:18,-48.46,31.35,5.2,10,SOUTH OF AFRICA,11199936
20-MAR-2020 09:03:33,16.82,-95.23,4.8,19,"OAXACA, MEXICO",11199930
20-MAR-2020 07:53:26,56.48,-148.62,5.1,10,GULF OF ALASKA,11199911
20-MAR-2020 07:05:57,14.17,56.82,4.8,10,OWEN FRACTURE ZONE REGION,11199899
20-MAR-2020 06:12:38,-2.85,129.82,4.8,10,"SERAM, INDONESIA",11199890
20-MAR-2020 05:02:09,3.41,126.45,4.9,73,"TALAUD ISLANDS, INDONESIA",11199870
20-MAR-2020 04:05:53,-8.95,117.76,4.5,10,"SUMBAWA REGION, INDONESIA",11199862
20-MAR-2020 03:55:06,46.22,93.80,4.1,10,MONGOLIA,11199859
20-MAR-2020 03:03:13,46.06,93.96,5.5,10,MONGOLIA,11199852
20-MAR-2020 01:36:10,-34.24,-179.03,5.4,10,SOUTH OF KERMADEC ISLANDS,11199819
20-MAR-2020 01:33:15,28.61,87.33,5.7,10,XIZANG,11199817
20-MAR-2020 00:49:02,42.05,77.19,4.5,14,LAKE ISSYK-KUL REGION,11199805
20-MAR-2020 00:48:02,-5.17,153.62,4.2,88,"NEW IRELAND REGION, P.N.G.",11203518
19-MAR-2020 22:35:49,-0.79,29.76,4.3,10,DEMOCRATIC REPUBLIC OF CONGO,11203525
19-MAR-2020 20:16:37,-60.70,-25.40,5.0,10,SOUTH SANDWICH ISLANDS REGION,11199686
19-MAR-2020 20:08:20,14.48,124.07,5.2,10,"LUZON, PHILIPPINES",11199681
19-MAR-2020 17:53:32,38.37,39.11,4.8,4,TURKEY,11199628
19-MAR-2020 16:49:01,2.59,127.13,4.3,62,NORTHERN MOLUCCA SEA,11199578
19-MAR-2020 14:56:35,39.08,72.30,4.6,10,KYRGYZSTAN,11199504
19-MAR-2020 13:52:55,20.70,143.47,5.4,10,MARIANA ISLANDS REGION,11199489
19-MAR-2020 13:39:14,27.85,139.48,4.0,494,"BONIN ISLANDS, JAPAN REGION",11199492
19-MAR-2020 12:58:56,8.86,93.96,4.9,10,"NICOBAR ISLANDS, INDIA REGION",11199449
19-MAR-2020 07:13:57,38.50,44.31,4.2,10,TURKEY-IRAN BORDER REGION,11199370
19-MAR-2020 06:49:48,14.96,120.16,4.6,67,"LUZON, PHILIPPINES",11199372
19-MAR-2020 03:44:41,-20.82,169.63,4.7,35,VANUATU ISLANDS,11199336
19-MAR-2020 00:59:57,-33.38,-71.32,4.2,50,NEAR COAST OF CENTRAL CHILE,11199309
18-MAR-2020 23:54:50,-6.85,109.43,4.5,248,"JAVA, INDONESIA",11199278
18-MAR-2020 23:07:24,38.54,44.55,4.4,10,TURKEY-IRAN BORDER REGION,11199265
18-MAR-2020 22:08:20,40.35,-124.46,5.21,29,NEAR COAST OF NORTHERN CALIF.,11199228
18-MAR-2020 20:58:28,6.00,125.80,4.4,190,"MINDANAO, PHILIPPINES",11199209
18-MAR-2020 19:12:23,40.75,-112.06,4.57,11,UTAH,11199119
18-MAR-2020 18:19:29,-17.95,-72.58,4.3,10,NEAR COAST OF PERU,11201594
18-MAR-2020 17:45:38,-11.06,115.13,6.2,18,"SOUTH OF BALI, INDONESIA",11199069
18-MAR-2020 17:02:46,0.47,-25.09,4.9,10,CENTRAL MID-ATLANTIC RIDGE,11199047
18-MAR-2020 16:56:15,-36.73,179.74,5.0,10,"OFF E. COAST OF N. ISLAND, N.Z.",11199041
18-MAR-2020 16:08:50,-7.69,129.10,4.5,74,BANDA SEA,11199282
18-MAR-2020 15:31:33,66.30,-157.12,5.0,9,NORTHERN ALASKA,11199013
18-MAR-2020 14:02:12,40.76,-112.07,4.59,9,UTAH,11198991
18-MAR-2020 13:10:16,40.75,-112.08,4.01,7,UTAH,11199481
18-MAR-2020 13:09:31,40.75,-112.08,5.7,12,UTAH,11198966
18-MAR-2020 05:31:33,-11.05,164.42,5.5,10,SANTA CRUZ ISLANDS REGION,11198898
18-MAR-2020 03:53:54,-20.48,-177.93,4.9,526,FIJI ISLANDS REGION,11198868
18-MAR-2020 03:27:53,2.98,127.97,4.6,112,NORTHERN MOLUCCA SEA,11198862
18-MAR-2020 03:13:46,-13.14,167.07,6.1,179,VANUATU ISLANDS,11198855
18-MAR-2020 03:13:29,3.01,128.09,5.4,100,"NORTH OF HALMAHERA, INDONESIA",11198860
17-MAR-2020 19:21:46,-18.15,-178.12,4.5,542,FIJI ISLANDS REGION,11198717
17-MAR-2020 18:14:34,37.01,27.39,4.4,22,TURKEY,11198664
17-MAR-2020 16:06:22,-16.00,-172.14,6.0,10,SAMOA ISLANDS REGION,11198621
17-MAR-2020 15:10:32,42.36,138.31,5.0,227,EASTERN SEA OF JAPAN,11198601
17-MAR-2020 14:30:26,58.24,-152.55,4.0,45,"KODIAK ISLAND REGION, ALASKA",11198579
17-MAR-2020 14:24:04,48.82,153.63,4.6,154,KURIL ISLANDS,11198592
17-MAR-2020 13:59:25,13.50,-90.90,4.3,35,NEAR COAST OF GUATEMALA,11198585
17-MAR-2020 12:56:32,-4.58,153.88,4.4,224,"NEW IRELAND REGION, P.N.G.",11199900
17-MAR-2020 12:19:31,-47.18,169.63,4.4,10,"OFF E. COAST OF S. ISLAND, N.Z.",11199885
17-MAR-2020 08:12:02,-36.16,-73.16,5.6,29,NEAR COAST OF CENTRAL CHILE,11198451
17-MAR-2020 05:06:31,13.60,120.93,4.5,143,"MINDORO, PHILIPPINES",11198425
17-MAR-2020 04:02:10,34.56,85.89,4.6,10,XIZANG,11198409
17-MAR-2020 00:52:56,39.02,16.04,4.2,34,SOUTHERN ITALY,11198360
17-MAR-2020 00:39:25,-20.19,-69.24,4.0,93,NORTHERN CHILE,11198351
17-MAR-2020 00:38:36,36.57,70.96,4.0,209,"HINDU KUSH REGION, AFGHANISTAN",11198347
16-MAR-2020 17:39:17,-29.48,-71.97,4.0,10,NEAR COAST OF CENTRAL CHILE,11198284
16-MAR-2020 15:09:16,-6.22,151.44,5.0,10,"NEW BRITAIN REGION, P.N.G.",11198125
16-MAR-2020 14:45:24,36.43,70.68,4.3,122,"HINDU KUSH REGION, AFGHANISTAN",11198117
16-MAR-2020 12:43:00,2.88,-84.26,4.9,10,OFF COAST OF CENTRAL AMERICA,11198067
16-MAR-2020 10:59:12,-1.20,126.50,5.0,38,SOUTHERN MOLUCCA SEA,11198043
16-MAR-2020 07:47:19,59.95,-29.84,4.8,10,REYKJANES RIDGE,11198015
16-MAR-2020 07:13:56,35.64,44.24,4.4,10,IRAQ,11198007
16-MAR-2020 06:33:11,59.86,-30.01,4.9,10,REYKJANES RIDGE,11197983
16-MAR-2020 05:06:28,-4.57,153.76,4.8,116,"NEW IRELAND REGION, P.N.G.",11197901
16-MAR-2020 03:53:24,1.19,-78.59,4.9,10,COLOMBIA-ECUADOR BORDER REGION,11197893
16-MAR-2020 02:16:48,49.49,153.64,4.7,53,KURIL ISLANDS,11197872
16-MAR-2020 01:53:23,35.25,27.01,4.6,10,"DODECANESE ISLANDS, GREECE",11197862
16-MAR-2020 00:09:14,10.36,-62.61,4.7,34,NEAR COAST OF VENEZUELA,11197850
15-MAR-2020 23:33:16,-12.34,166.54,5.1,89,SANTA CRUZ ISLANDS,11197835
15-MAR-2020 23:09:36,-4.36,154.11,4.9,362,SOLOMON ISLANDS,11197834
15-MAR-2020 22:57:02,-39.76,174.29,4.5,182,"NORTH ISLAND, NEW ZEALAND",11197832
15-MAR-2020 22:04:25,27.40,55.35,5.3,10,SOUTHERN IRAN,11197823
15-MAR-2020 21:05:32,-10.44,118.32,5.1,10,"SOUTH OF SUMBAWA, INDONESIA",11197815
15-MAR-2020 19:27:12,12.39,144.24,4.4,49,SOUTH OF MARIANA ISLANDS,11197794
15-MAR-2020 18:33:38,0.41,-68.99,4.8,10,WESTERN BRAZIL,11197777
15-MAR-2020 17:51:13,-6.27,148.86,4.9,68,"NEW BRITAIN REGION, P.N.G.",11197769
15-MAR-2020 17:30:56,5.80,-32.90,4.7,10,CENTRAL MID-ATLANTIC RIDGE,11197779
15-MAR-2020 17:27:09,36.10,31.12,4.4,70,TURKEY,11197799
15-MAR-2020 16:28:37,-32.60,-178.25,4.8,10,SOUTH OF KERMADEC ISLANDS,11199684
15-MAR-2020 16:18:09,32.79,85.66,4.4,10,XIZANG,11199671
15-MAR-2020 16:17:04,32.68,85.45,4.2,10,XIZANG,11197747
15-MAR-2020 15:35:08,-8.91,-74.55,4.3,143,PERU-BRAZIL BORDER REGION,11199638
15-MAR-2020 15:28:58,-42.74,172.84,4.7,16,"SOUTH ISLAND, NEW ZEALAND",11197730
15-MAR-2020 15:00:17,28.22,83.59,4.3,10,NEPAL,11197732
15-MAR-2020 14:54:54,-20.27,-177.56,4.5,515,FIJI ISLANDS REGION,11197733
15-MAR-2020 14:41:08,-15.75,-175.68,4.3,301,TONGA ISLANDS,11199625
15-MAR-2020 14:36:35,-21.91,-68.67,4.3,118,CHILE-BOLIVIA BORDER REGION,11197727
15-MAR-2020 14:25:18,37.15,71.18,4.3,94,AFGHANISTAN-TAJIKISTAN BORD REG.,11197726
15-MAR-2020 14:22:36,-37.65,177.58,4.8,98,"OFF E. COAST OF N. ISLAND, N.Z.",11197724
15-MAR-2020 14:20:59,6.28,60.21,4.4,10,CARLSBERG RIDGE,11199462
15-MAR-2020 12:42:45,-6.66,127.57,4.5,410,BANDA SEA,11197695
15-MAR-2020 12:11:33,-21.29,-68.95,4.2,126,CHILE-BOLIVIA BORDER REGION,11197687
15-MAR-2020 11:29:06,39.82,13.32,4.4,475,TYRRHENIAN SEA,11197675
15-MAR-2020 10:45:53,0.93,126.76,4.5,72,NORTHERN MOLUCCA SEA,11197688
15-MAR-2020 10:35:33,37.46,36.12,4.2,10,TURKEY,11197669
15-MAR-2020 09:34:52,14.88,-91.20,4.4,162,GUATEMALA,11197659
15-MAR-2020 09:21:04,36.42,71.16,4.2,85,AFGHANISTAN-TAJIKISTAN BORD REG.,11197658
15-MAR-2020 06:32:57,-20.56,-69.17,4.1,112,NORTHERN CHILE,11197633
15-MAR-2020 06:02:03,39.82,-29.45,4.3,10,"AZORES ISLANDS, PORTUGAL",11197627
15-MAR-2020 05:36:00,44.89,37.14,4.3,37,NORTHWESTERN CAUCASUS,11197638
15-MAR-2020 05:16:28,26.52,126.59,4.5,88,"RYUKYU ISLANDS, JAPAN",11197613
15-MAR-2020 03:37:11,53.51,-165.37,4.1,45,"FOX ISLANDS, ALEUTIAN ISLANDS",11197600
15-MAR-2020 03:28:48,-7.99,122.72,4.5,252,FLORES SEA,11199854
15-MAR-2020 03:27:03,4.15,127.36,4.5,35,"TALAUD ISLANDS, INDONESIA",11197592
15-MAR-2020 02:49:09,37.23,141.84,4.2,35,"NEAR EAST COAST OF HONSHU, JAPAN",11199847
15-MAR-2020 01:54:04,26.12,125.22,4.5,144,NORTHEAST OF TAIWAN,11197539
15-MAR-2020 01:22:17,15.06,-92.75,5.1,87,MEXICO-GUATEMALA BORDER REGION,11197524
15-MAR-2020 00:20:52,-11.30,162.70,4.3,10,SOLOMON ISLANDS,11204403
14-MAR-2020 23:26:34,-6.84,105.65,4.4,75,"SUNDA STRAIT, INDONESIA",11204400
14-MAR-2020 23:15:15,-18.08,-178.19,4.6,604,FIJI ISLANDS REGION,11197487
14-MAR-2020 22:24:56,1.69,128.50,4.0,72,"HALMAHERA, INDONESIA",11204395
14-MAR-2020 21:39:09,-36.28,52.43,4.4,10,SOUTHWEST INDIAN RIDGE,11204028
14-MAR-2020 21:07:09,-15.87,-172.85,4.5,10,SAMOA ISLANDS REGION,11204010
14-MAR-2020 20:27:48,-22.55,173.38,5.1,10,SOUTHEAST OF LOYALTY ISLANDS,11197453
14-MAR-2020 18:30:33,3.57,94.58,4.4,10,OFF W COAST OF NORTHERN SUMATRA,11197441
14-MAR-2020 15:42:47,21.17,-45.82,4.7,10,NORTHERN MID-ATLANTIC RIDGE,11197404
14-MAR-2020 11:05:28,42.33,142.80,4.2,75,"HOKKAIDO, JAPAN REGION",11199910
14-MAR-2020 10:51:01,11.58,126.78,5.0,10,PHILIPPINE ISLANDS REGION,11197307
14-MAR-2020 10:42:40,2.71,128.22,4.9,61,"HALMAHERA, INDONESIA",11197304
14-MAR-2020 10:05:15,-36.55,178.86,5.6,41,"OFF E. COAST OF N. ISLAND, N.Z.",11199743
14-MAR-2020 10:01:17,-27.42,-175.68,6.3,10,KERMADEC ISLANDS REGION,11197299
14-MAR-2020 07:55:42,27.88,128.02,4.4,10,"RYUKYU ISLANDS, JAPAN",11197286
14-MAR-2020 07:19:31,-18.15,-178.11,4.6,579,FIJI ISLANDS REGION,11197276
14-MAR-2020 05:00:48,-18.55,-69.77,4.3,132,NORTHERN CHILE,11197267
14-MAR-2020 02:48:42,-2.76,128.93,4.2,10,CERAM SEA,11199802
14-MAR-2020 02:17:53,-8.29,108.91,4.5,78,"JAVA, INDONESIA",11199792
14-MAR-2020 01:27:26,-23.94,-66.90,4.3,220,"JUJUY PROVINCE, ARGENTINA",11197198
14-MAR-2020 00:13:51,16.18,120.02,4.4,90,"LUZON, PHILIPPINES",11199785
14-MAR-2020 00:08:01,-21.51,-66.70,4.2,198,SOUTHERN BOLIVIA,11199788
13-MAR-2020 23:14:40,-31.12,58.70,4.4,10,SOUTHWEST INDIAN RIDGE,11204286
13-MAR-2020 22:37:29,37.54,-117.74,4.0,6,CALIFORNIA-NEVADA BORDER REGION,11197135
13-MAR-2020 21:37:47,-5.30,129.64,4.3,182,BANDA SEA,11204289
13-MAR-2020 21:13:31,-20.81,-177.63,4.1,464,FIJI ISLANDS REGION,11204284
13-MAR-2020 18:37:44,-4.90,38.55,4.9,15,TANZANIA,11197054
13-MAR-2020 13:06:41,33.29,139.52,4.7,10,"SOUTHEAST OF HONSHU, JAPAN",11198079
13-MAR-2020 10:13:29,50.41,154.13,4.3,215,KURIL ISLANDS,11196949
13-MAR-2020 07:02:04,32.68,47.36,4.8,10,IRAN-IRAQ BORDER REGION,11196909
13-MAR-2020 04:46:39,8.26,-82.83,5.1,10,PANAMA-COSTA RICA BORDER REGION,11196886
13-MAR-2020 02:54:21,-23.10,-177.15,4.9,209,SOUTH OF FIJI ISLANDS,11196873
13-MAR-2020 02:08:02,-19.98,-69.36,5.2,108,NORTHERN CHILE,11196863
12-MAR-2020 23:44:28,-22.17,-67.48,4.3,206,CHILE-BOLIVIA BORDER REGION,11196838
12-MAR-2020 22:25:16,-19.04,-172.93,4.5,32,TONGA ISLANDS REGION,11204282
12-MAR-2020 22:16:57,-3.25,138.99,4.3,47,"IRIAN JAYA, INDONESIA",11204283
12-MAR-2020 22:00:47,14.68,119.12,5.2,10,"LUZON, PHILIPPINES",11196698
12-MAR-2020 19:37:23,3.62,125.82,4.5,142,"TALAUD ISLANDS, INDONESIA",11196829
12-MAR-2020 17:18:46,37.27,136.86,5.3,10,"NEAR WEST COAST OF HONSHU, JAPAN",11196608
12-MAR-2020 16:20:24,51.07,178.77,4.3,23,"RAT ISLANDS, ALEUTIAN ISLANDS",11196631
12-MAR-2020 15:44:02,32.73,85.37,5.0,10,XIZANG,11196577
12-MAR-2020 12:50:30,-19.31,-173.19,5.3,10,TONGA ISLANDS,11196516
12-MAR-2020 10:26:01,64.11,-22.22,4.6,10,ICELAND,11196493
12-MAR-2020 09:22:41,-5.87,149.15,4.5,145,"NEW BRITAIN REGION, P.N.G.",11196473
12-MAR-2020 08:03:18,-8.87,110.57,5.1,88,"JAVA, INDONESIA",11196461
12-MAR-2020 07:27:38,-27.63,-13.34,4.9,10,SOUTHERN MID-ATLANTIC RIDGE,11196459
12-MAR-2020 05:20:12,52.63,158.77,4.8,74,NEAR EAST COAST OF KAMCHATKA,11196434
12-MAR-2020 00:21:32,-2.42,-77.05,4.3,151,PERU-ECUADOR BORDER REGION,11203961
11-MAR-2020 23:45:49,-55.41,-29.61,4.4,10,SOUTH SANDWICH ISLANDS REGION,11203954
11-MAR-2020 22:45:07,54.45,164.33,4.2,10,KOMANDORSKIYE OSTROVA REGION,11203931
11-MAR-2020 22:12:52,-7.46,128.16,4.3,154,BANDA SEA,11203915
11-MAR-2020 21:30:04,77.90,1.61,4.6,10,GREENLAND SEA,11196281
11-MAR-2020 20:23:36,45.50,26.33,4.3,118,ROMANIA,11196252
11-MAR-2020 20:09:26,-56.10,-27.60,4.2,100,SOUTH SANDWICH ISLANDS REGION,11198643
11-MAR-2020 19:58:18,-28.83,-178.64,4.3,251,KERMADEC ISLANDS REGION,11198648
11-MAR-2020 19:54:08,-19.36,-172.95,5.2,10,TONGA ISLANDS REGION,11196241
11-MAR-2020 19:42:03,4.48,125.84,4.3,131,"TALAUD ISLANDS, INDONESIA",11198638
11-MAR-2020 18:43:33,-17.39,-179.06,4.1,553,FIJI ISLANDS REGION,11198628
11-MAR-2020 18:31:33,-19.73,-172.66,4.1,10,TONGA ISLANDS REGION,11198615
11-MAR-2020 17:39:04,-25.55,179.63,4.4,495,SOUTH OF FIJI ISLANDS,11198603
11-MAR-2020 17:31:03,-15.23,-178.89,4.3,417,FIJI ISLANDS REGION,11198587
11-MAR-2020 17:18:04,-32.76,-178.43,4.5,10,SOUTH OF KERMADEC ISLANDS,11198568
11-MAR-2020 17:11:20,38.71,69.61,4.2,10,TAJIKISTAN,11198653
11-MAR-2020 17:04:25,-30.30,-72.26,4.8,5,OFF COAST OF CENTRAL CHILE,11196161
11-MAR-2020 16:49:25,15.82,-96.39,4.3,36,"NEAR COAST OF OAXACA, MEXICO",11196273
11-MAR-2020 15:54:28,-5.17,134.18,4.5,10,"ARU ISLANDS REGION, INDONESIA",11198408
11-MAR-2020 15:16:55,-6.95,155.46,5.3,28,SOLOMON ISLANDS,11196122
11-MAR-2020 14:19:27,31.97,78.65,4.1,35,WESTERN XIZANG-INDIA BORDER REG.,11196123
11-MAR-2020 13:57:35,-21.61,-68.36,4.6,101,CHILE-BOLIVIA BORDER REGION,11196106
11-MAR-2020 13:50:46,15.89,-96.59,4.3,33,"NEAR COAST OF OAXACA, MEXICO",11196265
11-MAR-2020 10:24:07,29.50,52.16,4.2,10,SOUTHERN IRAN,11196068
11-MAR-2020 07:48:05,2.49,128.23,4.2,81,"HALMAHERA, INDONESIA",11198916
11-MAR-2020 07:06:55,43.13,80.35,4.2,10,KAZAKHSTAN-XINJIANG BORDER REG.,11198912
11-MAR-2020 06:43:45,17.55,-95.52,4.5,35,"OAXACA, MEXICO",11196031
11-MAR-2020 06:24:03,-32.43,-178.27,4.7,10,SOUTH OF KERMADEC ISLANDS,11198900
11-MAR-2020 04:04:28,39.68,140.70,4.5,52,"EASTERN HONSHU, JAPAN",11196004
11-MAR-2020 03:55:03,-32.47,-178.40,4.4,10,SOUTH OF KERMADEC ISLANDS,11198282
11-MAR-2020 03:04:03,0.44,126.34,4.6,53,NORTHERN MOLUCCA SEA,11195985
11-MAR-2020 02:42:42,38.24,74.10,4.2,158,TAJIKISTAN-XINJIANG BORDER REG.,11195980
11-MAR-2020 01:05:47,-52.48,12.95,4.7,10,SOUTHWEST OF AFRICA,11203519
11-MAR-2020 01:01:48,-32.39,-178.08,5.2,10,SOUTH OF KERMADEC ISLANDS,11195950
11-MAR-2020 00:38:53,-10.15,161.24,4.1,71,SOLOMON ISLANDS,11198374
11-MAR-2020 00:00:38,-30.41,-71.66,4.3,28,NEAR COAST OF CENTRAL CHILE,11195942
10-MAR-2020 23:08:34,3.87,97.25,5.0,110,"NORTHERN SUMATRA, INDONESIA",11195893
10-MAR-2020 21:45:33,-8.51,128.53,4.4,10,TIMOR SEA,11198317
10-MAR-2020 16:34:22,-23.80,-67.11,4.0,176,CHILE-ARGENTINA BORDER REGION,11198186
10-MAR-2020 16:13:36,-15.25,67.24,4.6,10,MID-INDIAN RIDGE,11198145
10-MAR-2020 15:53:09,0.01,126.71,4.2,70,NORTHERN MOLUCCA SEA,11198131
10-MAR-2020 14:12:02,13.02,-89.54,4.3,61,EL SALVADOR,11195622
10-MAR-2020 14:06:25,-5.87,102.97,5.5,20,"SOUTHERN SUMATRA, INDONESIA",11195625
10-MAR-2020 13:44:20,-22.17,-67.91,5.1,150,CHILE-BOLIVIA BORDER REGION,11195626
10-MAR-2020 13:07:32,-28.54,-68.80,4.6,130,"LA RIOJA PROVINCE, ARGENTINA",11195599
10-MAR-2020 11:13:48,1.09,-90.86,5.5,10,GALAPAGOS ISLANDS REGION,11195584
10-MAR-2020 10:18:06,-6.81,106.68,5.0,23,"JAVA, INDONESIA",11195575
10-MAR-2020 07:20:59,-0.62,-20.73,5.0,10,CENTRAL MID-ATLANTIC RIDGE,11195547
10-MAR-2020 06:39:56,31.81,141.57,4.4,23,"SOUTHEAST OF HONSHU, JAPAN",11198432
10-MAR-2020 05:45:07,-17.44,-176.60,4.9,10,FIJI ISLANDS REGION,11195526
10-MAR-2020 02:53:50,38.41,44.39,4.2,10,TURKEY-IRAN BORDER REGION,11195836
10-MAR-2020 00:20:14,32.88,85.39,4.2,10,XIZANG,11195403
10-MAR-2020 00:15:59,-17.70,-178.84,4.2,547,FIJI ISLANDS REGION,11198404
10-MAR-2020 00:13:34,38.41,142.04,4.3,49,"NEAR EAST COAST OF HONSHU, JAPAN",11198407
09-MAR-2020 23:47:01,-19.89,-177.49,4.3,545,FIJI ISLANDS REGION,11195371
09-MAR-2020 22:19:30,37.75,21.46,4.4,10,SOUTHERN GREECE,11195330
09-MAR-2020 21:44:27,36.13,80.15,4.4,10,"SOUTHERN XINJIANG, CHINA",11195321
09-MAR-2020 21:22:55,12.89,-88.00,4.3,72,OFF COAST OF CENTRAL AMERICA,11197900
09-MAR-2020 20:40:15,17.95,-66.83,4.0,17,PUERTO RICO REGION,11195283
09-MAR-2020 20:28:36,-7.07,127.22,4.3,320,BANDA SEA,11201336
09-MAR-2020 19:35:02,-23.29,179.68,4.8,529,SOUTH OF FIJI ISLANDS,11201331
09-MAR-2020 19:01:50,-31.76,-68.33,4.5,102,"SAN JUAN PROVINCE, ARGENTINA",11201325
09-MAR-2020 18:38:51,32.79,85.52,4.2,10,XIZANG,11195204
09-MAR-2020 18:30:03,-32.33,-67.66,4.2,126,"MENDOZA PROVINCE, ARGENTINA",11195144
09-MAR-2020 18:12:09,32.79,85.54,5.2,10,XIZANG,11195130
09-MAR-2020 17:54:25,-17.27,-174.13,4.3,99,TONGA ISLANDS,11201317
09-MAR-2020 17:28:18,-5.87,153.62,4.3,10,"NEW IRELAND REGION, P.N.G.",11201545
09-MAR-2020 16:28:37,-22.92,171.24,4.6,10,SOUTHEAST OF LOYALTY ISLANDS,11197804
09-MAR-2020 16:02:33,-1.72,100.41,4.6,63,"SOUTHERN SUMATRA, INDONESIA",11195064
09-MAR-2020 15:29:16,-30.43,-72.21,4.3,9,OFF COAST OF CENTRAL CHILE,11195050
09-MAR-2020 14:42:54,53.83,-163.10,4.1,32,"UNIMAK ISLAND REGION, ALASKA",11195062
09-MAR-2020 14:23:48,-4.46,129.14,4.1,10,BANDA SEA,11197798
09-MAR-2020 14:13:05,24.93,142.67,4.7,10,"VOLCANO ISLANDS, JAPAN REGION",11195028
09-MAR-2020 14:00:30,-25.05,179.97,4.4,471,SOUTH OF FIJI ISLANDS,11197783
09-MAR-2020 13:46:39,38.26,21.99,4.4,18,GREECE,11197778
09-MAR-2020 13:44:24,-24.89,-69.19,4.3,130,NORTHERN CHILE,11195009
09-MAR-2020 11:54:46,-11.27,164.17,4.4,25,SANTA CRUZ ISLANDS REGION,11197916
09-MAR-2020 11:41:11,19.17,145.45,4.6,175,MARIANA ISLANDS,11194977
09-MAR-2020 09:45:46,10.96,138.60,5.2,40,"W. CAROLINE ISLANDS, MICRONESIA",11194954
09-MAR-2020 09:35:44,-4.75,-80.04,4.9,74,PERU-ECUADOR BORDER REGION,11194951
09-MAR-2020 08:07:24,1.65,99.49,4.1,192,"NORTHERN SUMATRA, INDONESIA",11194943
09-MAR-2020 07:19:32,13.93,-91.57,4.3,47,NEAR COAST OF GUATEMALA,11194941
09-MAR-2020 06:32:59,40.36,-125.14,4.94,7,OFF COAST OF NORTHERN CALIFORNIA,11194923
09-MAR-2020 04:45:24,32.22,48.93,4.4,10,WESTERN IRAN,11197896
09-MAR-2020 03:52:16,-21.47,-66.59,4.3,204,SOUTHERN BOLIVIA,11194888
09-MAR-2020 03:48:00,-19.12,-177.57,4.1,562,FIJI ISLANDS REGION,11194883
09-MAR-2020 03:34:13,31.39,141.77,4.2,10,"SOUTHEAST OF HONSHU, JAPAN",11197885
09-MAR-2020 02:59:08,40.39,-125.09,5.77,3,OFF COAST OF NORTHERN CALIFORNIA,11194869
09-MAR-2020 01:54:26,-23.80,-179.76,4.1,538,SOUTH OF FIJI ISLANDS,11197854
09-MAR-2020 00:31:40,-25.10,179.73,4.4,527,SOUTH OF FIJI ISLANDS,11198400
08-MAR-2020 23:39:08,11.85,125.55,4.9,35,"SAMAR, PHILIPPINES",11194824
08-MAR-2020 22:56:18,-17.88,167.81,4.6,10,VANUATU ISLANDS,11194818
08-MAR-2020 22:49:00,7.31,-35.67,5.0,10,CENTRAL MID-ATLANTIC RIDGE,11194814
08-MAR-2020 19:28:44,33.31,131.98,4.9,58,"KYUSHU, JAPAN",11194769
08-MAR-2020 18:24:51,45.64,26.55,4.3,135,ROMANIA,11194757
08-MAR-2020 18:03:23,11.90,125.69,4.5,35,"SAMAR, PHILIPPINES",11194760
08-MAR-2020 17:04:33,11.78,125.56,4.7,42,"SAMAR, PHILIPPINES",11194738
08-MAR-2020 16:59:17,32.70,85.43,4.2,10,XIZANG,11194716
08-MAR-2020 16:29:45,-23.43,-179.74,4.5,532,SOUTH OF FIJI ISLANDS,11194723
08-MAR-2020 15:38:24,57.20,-33.47,4.9,10,REYKJANES RIDGE,11194696
08-MAR-2020 14:23:03,-7.09,129.27,4.2,169,BANDA SEA,11197763
08-MAR-2020 14:16:45,-16.50,-173.65,4.4,102,TONGA ISLANDS,11197760
08-MAR-2020 14:12:11,-19.83,-176.41,4.3,318,FIJI ISLANDS REGION,11197743
08-MAR-2020 14:10:22,-34.02,-178.61,4.5,10,SOUTH OF KERMADEC ISLANDS,11197719
08-MAR-2020 14:10:00,-30.37,179.79,4.2,430,KERMADEC ISLANDS REGION,11197715
08-MAR-2020 13:56:58,-38.09,176.01,4.5,209,"NORTH ISLAND, NEW ZEALAND",11194672
08-MAR-2020 13:16:41,-19.72,-177.52,4.4,541,FIJI ISLANDS REGION,11194668
08-MAR-2020 13:06:13,-19.93,-177.80,4.5,560,FIJI ISLANDS REGION,11194663
08-MAR-2020 11:16:23,33.76,-38.65,4.9,10,NORTHERN MID-ATLANTIC RIDGE,11194642
08-MAR-2020 10:56:27,-55.17,-35.77,4.9,10,SOUTH GEORGIA ISLAND REGION,11194632
08-MAR-2020 10:35:00,-9.73,159.56,4.7,10,SOLOMON ISLANDS,11194629
08-MAR-2020 09:47:07,32.41,48.90,4.7,10,WESTERN IRAN,11194616
08-MAR-2020 09:46:03,-22.75,-176.29,4.8,121,SOUTH OF FIJI ISLANDS,11194622
08-MAR-2020 01:59:27,-18.19,-178.15,4.4,584,FIJI ISLANDS REGION,11194521
08-MAR-2020 01:03:47,-56.15,146.82,4.5,10,WEST OF MACQUARIE ISLAND,11194504
08-MAR-2020 00:09:17,-10.97,162.42,4.3,35,SOLOMON ISLANDS,11203447
07-MAR-2020 22:58:16,36.88,75.78,4.5,10,KASHMIR-XINJIANG BORDER REGION,11194476
07-MAR-2020 22:23:20,-58.71,-25.34,5.0,35,SOUTH SANDWICH ISLANDS REGION,11194473
07-MAR-2020 21:42:49,-9.34,109.91,4.3,35,"SOUTH OF JAVA, INDONESIA",11203371
07-MAR-2020 21:39:17,27.89,140.00,4.1,379,"BONIN ISLANDS, JAPAN REGION",11194469
07-MAR-2020 20:58:04,32.41,-16.83,5.2,9,"MADEIRA ISLANDS, PORTUGAL REGION",11194453
07-MAR-2020 20:30:31,15.41,-94.43,4.3,44,"NEAR COAST OF OAXACA, MEXICO",11194484
07-MAR-2020 19:59:10,-10.86,162.40,4.4,35,SOLOMON ISLANDS,11202789
07-MAR-2020 19:21:02,-23.26,179.51,4.1,542,SOUTH OF FIJI ISLANDS,11202344
07-MAR-2020 15:47:55,28.30,142.50,4.8,32,"BONIN ISLANDS, JAPAN REGION",11194397
07-MAR-2020 14:55:54,-24.26,-67.37,4.7,215,CHILE-ARGENTINA BORDER REGION,11194422
07-MAR-2020 12:43:08,-40.75,-91.87,5.1,10,WEST CHILE RISE,11194363
07-MAR-2020 11:56:53,35.90,140.27,4.3,69,"NEAR EAST COAST OF HONSHU, JAPAN",11194811
07-MAR-2020 11:35:25,-7.39,128.71,5.2,159,BANDA SEA,11194355
07-MAR-2020 10:29:10,16.11,-92.86,4.5,177,"CHIAPAS, MEXICO",11194344
07-MAR-2020 10:28:56,-42.84,-74.26,4.5,26,SOUTHERN CHILE,11194342
07-MAR-2020 08:44:19,-11.88,166.61,4.3,140,SANTA CRUZ ISLANDS,11204430
07-MAR-2020 08:20:11,38.21,22.92,4.3,10,GREECE,11194313
07-MAR-2020 06:39:08,-18.00,167.55,4.8,10,VANUATU ISLANDS,11194293
07-MAR-2020 05:43:45,-17.89,167.85,5.5,10,VANUATU ISLANDS,11194276
07-MAR-2020 05:02:08,44.98,147.90,4.7,130,KURIL ISLANDS,11194279
07-MAR-2020 04:37:58,-3.88,139.35,4.4,76,"IRIAN JAYA, INDONESIA",11194261
07-MAR-2020 03:52:03,31.69,-114.54,5.49,10,GULF OF CALIFORNIA,11194252
07-MAR-2020 02:40:48,9.07,-83.15,5.2,40,COSTA RICA,11194239
07-MAR-2020 02:26:49,17.86,-66.87,4.3,3,PUERTO RICO REGION,11194237
07-MAR-2020 00:45:01,36.41,71.14,4.6,115,AFGHANISTAN-TAJIKISTAN BORD REG.,11194202
06-MAR-2020 23:38:25,7.07,-82.41,4.8,10,SOUTH OF PANAMA,11194178
06-MAR-2020 22:01:02,14.54,-93.04,4.7,35,"NEAR COAST OF CHIAPAS, MEXICO",11194135
06-MAR-2020 21:24:30,-20.61,-178.25,4.2,570,FIJI ISLANDS REGION,11196878
06-MAR-2020 20:42:57,55.48,166.39,4.2,25,KOMANDORSKIYE OSTROVA REGION,11194106
06-MAR-2020 20:30:46,14.25,-93.14,4.9,54,"NEAR COAST OF CHIAPAS, MEXICO",11194076
06-MAR-2020 20:04:38,-23.30,-66.99,4.1,249,"JUJUY PROVINCE, ARGENTINA",11194096
06-MAR-2020 19:52:58,-5.22,102.22,4.9,30,"SOUTHERN SUMATRA, INDONESIA",11194061
06-MAR-2020 19:04:06,-30.33,-72.21,4.4,17,OFF COAST OF CENTRAL CHILE,11194057
06-MAR-2020 18:28:32,-8.26,119.78,4.4,183,"FLORES REGION, INDONESIA",11194042
06-MAR-2020 14:19:50,38.56,44.22,4.4,10,TURKEY-IRAN BORDER REGION,11194641
06-MAR-2020 12:40:43,17.96,-68.38,4.8,78,MONA PASSAGE,11193788
06-MAR-2020 10:28:42,-31.35,58.32,5.9,10,SOUTHWEST INDIAN RIDGE,11193761
06-MAR-2020 09:14:54,48.52,154.87,4.4,52,KURIL ISLANDS,11193750
06-MAR-2020 06:54:14,-7.45,127.59,4.4,168,BANDA SEA,11203606
06-MAR-2020 05:50:34,-21.31,-69.89,4.7,49,NORTHERN CHILE,11193717
06-MAR-2020 02:44:51,10.98,-62.34,5.0,91,NEAR COAST OF VENEZUELA,11193680
06-MAR-2020 02:38:57,6.74,-72.95,4.6,171,NORTHERN COLOMBIA,11193686
06-MAR-2020 00:25:01,21.58,143.18,4.2,283,MARIANA ISLANDS REGION,11196877
05-MAR-2020 23:53:19,-18.48,168.93,4.6,114,VANUATU ISLANDS,11196875
05-MAR-2020 22:22:03,-20.84,-178.82,4.0,594,FIJI ISLANDS REGION,11196874
05-MAR-2020 21:18:16,13.92,-91.29,4.0,44,NEAR COAST OF GUATEMALA,11196872
05-MAR-2020 20:39:36,-32.61,-178.16,4.7,10,SOUTH OF KERMADEC ISLANDS,11199653
05-MAR-2020 20:28:35,-41.09,80.51,4.4,10,MID-INDIAN RIDGE,11201543
05-MAR-2020 19:59:21,27.77,66.08,4.6,28,PAKISTAN,11196646
05-MAR-2020 18:26:55,42.51,-126.41,4.3,10,OFF COAST OF OREGON,11193521
05-MAR-2020 18:06:08,-23.80,-69.58,4.7,75,NORTHERN CHILE,11193446
05-MAR-2020 16:53:25,-29.25,-178.49,4.2,203,"KERMADEC ISLANDS, NEW ZEALAND",11204288
05-MAR-2020 16:45:01,-16.01,-173.85,4.5,112,TONGA ISLANDS,11204285
05-MAR-2020 16:27:48,2.20,128.14,4.2,151,"HALMAHERA, INDONESIA",11193509
05-MAR-2020 16:05:56,29.38,67.70,4.3,16,PAKISTAN,11193490
05-MAR-2020 14:58:45,-48.82,-8.80,5.4,10,SOUTHERN MID-ATLANTIC RIDGE,11193385
05-MAR-2020 14:48:13,-3.33,145.16,4.8,10,"NEAR N COAST OF NEW GUINEA, PNG.",11193381
05-MAR-2020 13:11:46,-29.77,-176.27,5.6,10,KERMADEC ISLANDS REGION,11193176
05-MAR-2020 10:05:06,-3.32,145.32,5.2,10,"NEAR N COAST OF NEW GUINEA, PNG.",11193206
05-MAR-2020 09:09:28,-20.59,-174.53,4.8,35,TONGA ISLANDS,11193224
05-MAR-2020 08:22:35,38.83,71.78,4.6,10,AFGHANISTAN-TAJIKISTAN BORD REG.,11193226
05-MAR-2020 07:13:06,-18.33,-173.78,4.3,84,TONGA ISLANDS,11202984
05-MAR-2020 06:59:54,25.84,96.76,4.4,10,MYANMAR,11193240
05-MAR-2020 06:57:42,-28.41,-67.50,5.5,115,"LA RIOJA PROVINCE, ARGENTINA",11193147
05-MAR-2020 03:59:08,-3.36,146.23,4.7,10,BISMARCK SEA,11193278
05-MAR-2020 01:57:23,13.15,143.75,4.5,151,SOUTH OF MARIANA ISLANDS,11193293
05-MAR-2020 01:43:31,-30.29,-177.84,4.9,10,"KERMADEC ISLANDS, NEW ZEALAND",11193297
04-MAR-2020 23:19:12,23.43,142.27,4.2,146,"VOLCANO ISLANDS, JAPAN REGION",11202283
04-MAR-2020 22:08:17,-56.91,-23.61,4.9,10,SOUTH SANDWICH ISLANDS REGION,11202258
04-MAR-2020 20:57:17,-17.99,167.63,4.8,10,VANUATU ISLANDS,11193044
04-MAR-2020 20:45:37,-23.24,-175.00,4.6,10,TONGA ISLANDS REGION,11196673
04-MAR-2020 20:43:29,11.99,143.27,4.7,10,SOUTH OF MARIANA ISLANDS,11201417
04-MAR-2020 20:31:57,47.67,152.28,4.0,160,KURIL ISLANDS,11199473
04-MAR-2020 20:16:13,5.48,126.52,4.4,40,"MINDANAO, PHILIPPINES",11193392
04-MAR-2020 20:14:03,50.94,-179.74,4.1,10,"ANDREANOF ISLANDS, ALEUTIAN IS.",11193025
04-MAR-2020 19:39:36,-6.58,124.16,4.1,620,BANDA SEA,11199591
04-MAR-2020 19:37:14,13.37,145.03,4.9,55,MARIANA ISLANDS,11193008
04-MAR-2020 18:42:04,1.79,127.50,4.1,139,"HALMAHERA, INDONESIA",11196668
04-MAR-2020 17:44:21,-23.51,179.43,4.6,536,SOUTH OF FIJI ISLANDS,11192987
04-MAR-2020 16:47:56,-59.64,-26.57,5.1,59,SOUTH SANDWICH ISLANDS REGION,11192968
04-MAR-2020 15:51:49,-0.12,123.10,4.2,116,"MINAHASSA PENINSULA, SULAWESI",11193103
04-MAR-2020 15:36:18,26.55,55.48,4.2,10,SOUTHERN IRAN,11193099
04-MAR-2020 14:54:37,-17.59,-178.66,4.1,625,FIJI ISLANDS REGION,11202982
04-MAR-2020 14:15:13,20.56,122.02,4.5,10,PHILIPPINE ISLANDS REGION,11193712
04-MAR-2020 13:47:47,-16.28,-174.77,4.3,269,TONGA ISLANDS,11202980
04-MAR-2020 13:36:46,-3.45,99.62,4.9,10,"SOUTHWEST OF SUMATRA, INDONESIA",11192864
04-MAR-2020 13:28:38,32.02,94.79,4.3,10,XIZANG,11192865
04-MAR-2020 12:46:22,28.62,142.63,4.9,10,"BONIN ISLANDS, JAPAN REGION",11192859
04-MAR-2020 11:33:47,38.44,44.25,4.0,10,TURKEY-IRAN BORDER REGION,11192845
04-MAR-2020 10:29:15,4.29,125.72,4.5,159,"TALAUD ISLANDS, INDONESIA",11192832
04-MAR-2020 10:04:56,-18.55,-177.57,4.1,635,FIJI ISLANDS REGION,11200963
04-MAR-2020 09:11:35,-29.75,-176.15,5.0,10,KERMADEC ISLANDS REGION,11192812
04-MAR-2020 07:25:44,35.75,141.19,4.0,35,"NEAR EAST COAST OF HONSHU, JAPAN",11196010
04-MAR-2020 04:52:27,-36.38,-72.37,4.4,58,NEAR COAST OF CENTRAL CHILE,11192768
04-MAR-2020 04:23:07,36.58,70.83,4.0,206,"HINDU KUSH REGION, AFGHANISTAN",11192764
04-MAR-2020 02:52:17,-18.00,167.73,4.5,10,VANUATU ISLANDS,11202186
04-MAR-2020 02:29:33,-16.14,-75.41,4.1,10,OFF COAST OF PERU,11202265
04-MAR-2020 01:05:12,-22.47,-177.18,4.4,268,SOUTH OF FIJI ISLANDS,11200866
04-MAR-2020 00:20:03,24.42,96.10,4.8,10,MYANMAR,11192632
03-MAR-2020 22:56:46,3.57,124.70,4.3,206,CELEBES SEA,11195400
03-MAR-2020 22:56:04,52.22,-169.35,4.1,40,"FOX ISLANDS, ALEUTIAN ISLANDS",11195393
03-MAR-2020 22:21:59,-17.93,167.76,4.8,10,VANUATU ISLANDS,11192600
03-MAR-2020 22:07:08,-3.10,148.97,4.2,10,BISMARCK SEA,11195380
03-MAR-2020 18:47:48,-19.13,-172.86,4.7,10,TONGA ISLANDS REGION,11192520
03-MAR-2020 18:47:38,11.15,143.90,4.4,10,SOUTH OF MARIANA ISLANDS,11204255
03-MAR-2020 18:17:23,1.03,126.44,4.1,52,NORTHERN MOLUCCA SEA,11204249
03-MAR-2020 17:54:13,-6.16,-11.37,4.6,10,ASCENSION ISLAND REGION,11204247
03-MAR-2020 17:50:35,-9.21,157.38,4.4,29,SOLOMON ISLANDS,11204242
03-MAR-2020 17:31:13,-4.01,68.42,4.9,10,CHAGOS ARCHIPELAGO REGION,11192459
03-MAR-2020 17:30:22,-14.56,167.44,4.4,162,VANUATU ISLANDS,11204219
03-MAR-2020 16:36:43,-31.03,-178.27,4.5,115,KERMADEC ISLANDS REGION,11195033
03-MAR-2020 16:03:08,-19.28,-177.31,4.2,567,FIJI ISLANDS REGION,11195018
03-MAR-2020 15:53:52,-18.02,167.63,5.0,10,VANUATU ISLANDS,11192436
03-MAR-2020 15:51:34,-18.06,167.78,4.3,10,VANUATU ISLANDS,11195003
03-MAR-2020 15:39:16,11.34,124.63,4.4,61,"LEYTE, PHILIPPINES",11195002
03-MAR-2020 14:55:37,7.70,121.97,5.0,33,"MINDANAO, PHILIPPINES",11192423
03-MAR-2020 14:06:33,-37.23,177.53,4.4,173,"OFF E. COAST OF N. ISLAND, N.Z.",11194992
03-MAR-2020 11:57:23,79.98,-0.39,5.0,10,GREENLAND SEA,11192386
03-MAR-2020 11:52:59,-17.95,167.65,4.7,10,VANUATU ISLANDS,11201289
03-MAR-2020 11:31:26,27.17,54.70,4.3,10,SOUTHERN IRAN,11192396
03-MAR-2020 10:14:33,-59.68,-26.37,4.9,35,SOUTH SANDWICH ISLANDS REGION,11192371
03-MAR-2020 09:44:48,30.43,130.98,4.5,35,"KYUSHU, JAPAN",11192373
03-MAR-2020 09:31:14,30.51,131.00,4.8,51,"KYUSHU, JAPAN",11192367
03-MAR-2020 09:18:50,17.62,94.31,4.9,10,MYANMAR,11192362
03-MAR-2020 09:10:44,-14.87,-71.63,4.5,187,CENTRAL PERU,11193718
03-MAR-2020 09:09:48,49.08,155.29,4.1,60,KURIL ISLANDS,11201256
03-MAR-2020 08:42:02,51.16,-179.83,5.1,35,"ANDREANOF ISLANDS, ALEUTIAN IS.",11192357
03-MAR-2020 07:16:56,49.01,104.36,4.4,10,MONGOLIA,11195539
03-MAR-2020 06:55:53,0.89,126.54,4.6,44,NORTHERN MOLUCCA SEA,11192349
03-MAR-2020 06:51:06,11.26,124.82,4.7,54,"LEYTE, PHILIPPINES",11192345
03-MAR-2020 06:08:38,-21.26,-67.24,4.4,175,CHILE-BOLIVIA BORDER REGION,11195523
03-MAR-2020 06:00:10,-16.30,-73.41,4.9,41,NEAR COAST OF PERU,11192332
03-MAR-2020 04:03:47,20.89,144.60,4.3,137,MARIANA ISLANDS,11203432
03-MAR-2020 03:20:24,42.10,142.73,4.2,78,"HOKKAIDO, JAPAN REGION",11202886
03-MAR-2020 03:10:17,19.16,-68.59,4.0,158,NORTH ATLANTIC OCEAN,11192308
03-MAR-2020 02:59:43,37.17,140.94,4.3,55,"EASTERN HONSHU, JAPAN",11202864
03-MAR-2020 02:22:47,-9.95,126.95,4.4,10,TIMOR REGION,11202900
03-MAR-2020 01:06:38,-54.62,144.17,5.0,10,WEST OF MACQUARIE ISLAND,11192218
02-MAR-2020 23:07:51,-18.12,-70.57,4.8,70,NEAR COAST OF NORTHERN CHILE,11192053
02-MAR-2020 22:43:20,43.26,143.83,4.5,10,"HOKKAIDO, JAPAN REGION",11192079
02-MAR-2020 21:23:15,-59.61,-26.39,5.1,80,SOUTH SANDWICH ISLANDS REGION,11191986
02-MAR-2020 21:13:07,-19.36,-173.03,4.6,10,TONGA ISLANDS,11194894
02-MAR-2020 18:21:37,-38.52,-71.05,4.1,185,S. CHILE-ARGENTINA BORDER REGION,11192428
02-MAR-2020 18:00:33,-20.03,-70.89,4.1,17,NEAR COAST OF NORTHERN CHILE,11192021
02-MAR-2020 17:57:48,0.62,-24.89,4.8,10,CENTRAL MID-ATLANTIC RIDGE,11196522
02-MAR-2020 17:15:30,-6.04,130.60,4.2,121,BANDA SEA,11196312
02-MAR-2020 17:06:13,-17.76,-178.35,4.5,533,FIJI ISLANDS REGION,11191855
02-MAR-2020 16:39:30,-28.27,-176.11,4.4,10,KERMADEC ISLANDS REGION,11194709
02-MAR-2020 15:04:00,-20.42,-69.30,4.2,90,NORTHERN CHILE,11191807
02-MAR-2020 15:00:35,-7.95,129.89,4.4,10,BANDA SEA,11194700
02-MAR-2020 14:52:52,38.20,38.85,4.1,5,TURKEY,11191804
02-MAR-2020 14:13:05,-14.67,167.55,4.4,135,VANUATU ISLANDS,11194686
02-MAR-2020 14:07:09,20.85,122.36,4.3,19,PHILIPPINE ISLANDS REGION,11194679
02-MAR-2020 13:44:54,-21.54,-173.84,4.4,10,TONGA ISLANDS,11194676
02-MAR-2020 13:43:22,50.67,-130.01,4.2,10,"VANCOUVER ISLAND, CANADA REGION",11191784
02-MAR-2020 12:57:59,-24.02,-179.32,4.2,527,SOUTH OF FIJI ISLANDS,11203620
02-MAR-2020 12:51:41,51.54,-176.42,4.0,48,"ANDREANOF ISLANDS, ALEUTIAN IS.",11197936
02-MAR-2020 09:26:57,51.65,-177.29,4.0,75,"ANDREANOF ISLANDS, ALEUTIAN IS.",11191715
02-MAR-2020 08:27:43,0.79,126.13,4.2,25,NORTHERN MOLUCCA SEA,11200973
02-MAR-2020 08:23:54,-17.29,-179.27,4.2,557,FIJI ISLANDS REGION,11194934
02-MAR-2020 08:19:41,-18.80,169.41,4.8,10,VANUATU ISLANDS,11191707
02-MAR-2020 07:01:39,-10.91,-73.87,4.1,123,CENTRAL PERU,11200967
02-MAR-2020 06:17:23,-6.60,129.90,4.2,122,BANDA SEA,11200958
02-MAR-2020 00:47:34,39.35,144.65,4.8,10,"OFF EAST COAST OF HONSHU, JAPAN",11191641
02-MAR-2020 00:31:16,51.13,-179.85,5.7,24,"ANDREANOF ISLANDS, ALEUTIAN IS.",11191631
01-MAR-2020 22:10:51,-16.10,-176.10,4.5,361,FIJI ISLANDS REGION,11191632
01-MAR-2020 21:19:20,11.35,124.69,5.4,10,"LEYTE, PHILIPPINES",11191608
01-MAR-2020 20:29:40,53.14,-170.44,4.8,148,"FOX ISLANDS, ALEUTIAN ISLANDS",11191605
01-MAR-2020 20:01:30,60.33,-153.43,4.4,165,SOUTHERN ALASKA,11191595
01-MAR-2020 18:13:01,-20.69,-178.24,4.9,537,FIJI ISLANDS REGION,11191583
01-MAR-2020 15:50:13,-6.21,114.46,4.6,502,BALI SEA,11191557
01-MAR-2020 14:54:46,-31.50,-179.10,4.1,104,KERMADEC ISLANDS REGION,11194673
01-MAR-2020 14:11:11,54.89,-163.07,4.5,99,"UNIMAK ISLAND REGION, ALASKA",11191531
01-MAR-2020 11:24:26,-49.99,119.96,4.5,10,WESTERN INDIAN-ANTARCTIC RIDGE,11197321
01-MAR-2020 11:07:09,5.34,126.61,4.6,49,"MINDANAO, PHILIPPINES",11197318
01-MAR-2020 11:03:53,19.75,121.28,4.8,24,PHILIPPINE ISLANDS REGION,11191499
01-MAR-2020 11:01:38,5.41,126.47,4.5,52,"MINDANAO, PHILIPPINES",11197316
01-MAR-2020 06:01:40,36.57,70.95,4.2,203,"HINDU KUSH REGION, AFGHANISTAN",11191445
01-MAR-2020 05:22:20,-22.09,-179.52,4.2,608,SOUTH OF FIJI ISLANDS,11200919
01-MAR-2020 05:04:32,21.96,143.85,4.7,146,MARIANA ISLANDS REGION,11191440
01-MAR-2020 03:13:16,-21.14,-68.38,4.4,123,CHILE-BOLIVIA BORDER REGION,11191412
01-MAR-2020 02:05:39,19.74,121.30,4.6,35,PHILIPPINE ISLANDS REGION,11191402
01-MAR-2020 01:40:39,-6.50,149.47,4.2,35,"NEW BRITAIN REGION, P.N.G.",11194127
01-MAR-2020 01:20:28,8.24,-39.32,4.5,10,CENTRAL MID-ATLANTIC RIDGE,11194114
01-MAR-2020 00:51:02,-4.47,125.35,4.0,470,BANDA SEA,11200859
01-MAR-2020 00:08:37,37.23,142.02,4.4,41,"OFF EAST COAST OF HONSHU, JAPAN",11191410
29-FEB-2020 20:05:26,26.49,92.11,4.2,45,NORTHEASTERN INDIA,11191369
29-FEB-2020 18:56:03,-0.04,123.34,4.3,109,"MINAHASSA PENINSULA, SULAWESI",11200681
29-FEB-2020 18:30:15,2.12,125.01,4.3,159,"TALAUD ISLANDS, INDONESIA",11200663
29-FEB-2020 18:16:25,16.41,-61.76,4.5,103,LEEWARD ISLANDS,11200630
29-FEB-2020 18:10:58,-17.96,-178.56,4.3,606,FIJI ISLANDS REGION,11200092
29-FEB-2020 17:14:29,-17.07,-174.52,4.5,91,TONGA ISLANDS,11200026
29-FEB-2020 16:03:28,-6.57,127.48,4.0,399,BANDA SEA,11191255
29-FEB-2020 15:45:27,-25.83,-69.38,4.3,108,NORTHERN CHILE,11191249
29-FEB-2020 13:46:42,-5.54,151.22,4.8,77,"NEW BRITAIN REGION, P.N.G.",11191229
29-FEB-2020 13:06:32,44.80,-111.55,4.21,15,HEBGEN LAKE REGION,11191222
29-FEB-2020 12:29:48,38.34,39.28,4.5,10,TURKEY,11191216
29-FEB-2020 11:54:22,14.85,-93.77,4.6,35,"NEAR COAST OF CHIAPAS, MEXICO",11191207
29-FEB-2020 11:18:59,5.80,-77.62,4.3,10,NEAR WEST COAST OF COLOMBIA,11200934
29-FEB-2020 09:28:26,3.13,128.18,5.3,142,"NORTH OF HALMAHERA, INDONESIA",11191188
29-FEB-2020 08:06:10,5.84,-77.63,4.7,10,NEAR WEST COAST OF COLOMBIA,11191179
29-FEB-2020 07:22:41,36.57,71.25,4.0,124,AFGHANISTAN-TAJIKISTAN BORD REG.,11191180
29-FEB-2020 06:43:42,-22.06,169.07,5.1,10,SOUTHEAST OF LOYALTY ISLANDS,11191162
29-FEB-2020 05:46:47,16.29,-93.00,4.0,10,"CHIAPAS, MEXICO",11191185
29-FEB-2020 04:18:43,0.34,126.19,4.5,10,NORTHERN MOLUCCA SEA,11193601
29-FEB-2020 03:05:27,35.22,-14.57,4.8,10,AZORES-CAPE ST. VINCENT RIDGE,11191137
29-FEB-2020 02:25:21,10.59,-62.48,4.6,94,NEAR COAST OF VENEZUELA,11191128
29-FEB-2020 02:13:11,-31.48,-68.78,4.5,104,"SAN JUAN PROVINCE, ARGENTINA",11191124
29-FEB-2020 01:57:09,-19.44,-172.98,5.4,10,TONGA ISLANDS REGION,11191122
29-FEB-2020 01:11:30,-21.96,-68.48,4.5,102,CHILE-BOLIVIA BORDER REGION,11191106
29-FEB-2020 00:34:17,-24.14,-177.09,4.7,115,SOUTH OF FIJI ISLANDS,11191094
29-FEB-2020 00:27:27,45.58,148.43,4.1,124,KURIL ISLANDS,11193716
28-FEB-2020 23:09:09,55.76,130.13,4.5,10,"SOUTHEASTERN SIBERIA, RUSSIA",11191055
28-FEB-2020 22:04:11,19.58,-109.30,4.1,10,REVILLA GIGEDO ISLANDS REGION,11191025
28-FEB-2020 21:36:25,41.78,81.08,4.4,10,"SOUTHERN XINJIANG, CHINA",11191019
28-FEB-2020 20:29:04,27.34,140.19,4.1,459,"BONIN ISLANDS, JAPAN REGION",11191020
28-FEB-2020 18:47:58,-55.37,-29.40,5.1,10,SOUTH SANDWICH ISLANDS REGION,11190971
28-FEB-2020 18:46:40,-0.82,120.45,4.4,48,"MINAHASSA PENINSULA, SULAWESI",11196220
28-FEB-2020 18:12:56,21.13,101.89,4.0,18,MYANMAR-CHINA BORDER REGION,11190982
28-FEB-2020 17:07:56,0.58,98.61,4.3,73,"NORTHERN SUMATRA, INDONESIA",11196205
